{"cameraMode":{"drawMode":0,"name":"Shaded","section":"Shading Mode"},"sceneLighting":true,"audioPlay":false,"sceneViewState":{"m_AlwaysRefresh":false,"showFog":true,"showSkybox":true,"showFlares":true,"showImageEffects":true,"showParticleSystems":true,"showVisualEffectGraphs":true,"m_FxEnabled":true},"in2DMode":false,"pivot":{"x":-4.290781021118164,"y":-1.604066014289856,"z":8.807328224182129},"rotation":{"x":-0.00037753285141661763,"y":0.9964653253555298,"z":-0.08390045166015625,"w":-0.004484109114855528},"size":10.012617111206055,"orthographic":true}